SEASON_ID,TEAM_ID,TEAM_ABBREVIATION,TEAM_NAME,GAME_ID,GAME_DATE,MATCHUP,WL,MIN,PTS,FGM,FGA,FG_PCT,FG3M,FG3A,FG3_PCT,FTM,FTA,FT_PCT,OREB,DREB,REB,AST,STL,BLK,TOV,PF,PLUS_MINUS
42025,1610612743,DEN,Denver Nuggets,0042500166,2026-04-30,DEN @ MIN,L,239,98,34,75,0.453,10,27,0.37,20,25,0.8,6,27,33,24,4,8,13,26,-12.0
42025,1610612750,MIN,Minnesota Timberwolves,0042500166,2026-04-30,MIN vs. DEN,W,240,110,43,94,0.457,7,29,0.241,17,24,0.708,19,31,50,26,8,3,7,21,12.0
42025,1610612750,MIN,Minnesota Timberwolves,0042500165,2026-04-27,MIN @ DEN,L,239,113,41,81,0.506,12,28,0.429,19,23,0.826,9,29,38,26,6,2,25,27,-12.0
42025,1610612743,DEN,Denver Nuggets,0042500165,2026-04-27,DEN vs. MIN,W,241,125,47,83,0.566,11,29,0.379,20,25,0.8,5,24,29,35,16,6,16,29,12.0
42025,1610612743,DEN,Denver Nuggets,0042500164,2026-04-25,DEN @ MIN,L,241,96,33,87,0.379,6,28,0.214,24,28,0.857,12,26,38,21,7,7,10,22,-16.0
42025,1610612750,MIN,Minnesota Timberwolves,0042500164,2026-04-25,MIN vs. DEN,W,241,112,39,89,0.438,9,25,0.36,25,26,0.962,16,34,50,22,6,5,12,22,16.0
42025,1610612750,MIN,Minnesota Timberwolves,0042500163,2026-04-23,MIN vs. DEN,W,241,113,44,93,0.473,9,34,0.265,16,21,0.762,12,41,53,31,6,5,10,27,17.0
42025,1610612743,DEN,Denver Nuggets,0042500163,2026-04-23,DEN @ MIN,L,239,96,28,82,0.341,8,32,0.25,32,40,0.8,6,34,40,12,5,2,10,18,-17.0
42025,1610612743,DEN,Denver Nuggets,0042500162,2026-04-20,DEN vs. MIN,L,239,114,38,86,0.442,15,41,0.366,23,30,0.767,5,38,43,28,5,1,9,24,-5.0
42025,1610612750,MIN,Minnesota Timberwolves,0042500162,2026-04-20,MIN @ DEN,W,240,119,43,90,0.478,14,34,0.412,19,30,0.633,9,40,49,30,6,2,12,30,5.0
42025,1610612750,MIN,Minnesota Timberwolves,0042500161,2026-04-18,MIN @ DEN,L,239,105,40,87,0.46,11,34,0.324,14,19,0.737,7,36,43,21,7,3,13,25,-11.0
42025,1610612743,DEN,Denver Nuggets,0042500161,2026-04-18,DEN vs. MIN,W,239,116,38,87,0.437,10,36,0.278,30,33,0.909,8,39,47,27,7,1,13,17,11.0
