def_player_id,def_player,share_before,share_after,share_change,overlap,assignment,entry_exit,comparable
1628392,Isaiah Hartenstein,0.01588447653429603,0.582562747688243,0.566678271153947,0.3836023626307219,0.19562037974229843,-0.012544471219073344,True
1627936,Alex Caruso,0.36173285198555954,0.06472919418758256,-0.297003657797977,-0.03162465000824243,-0.264766584116254,-0.0006124236734805777,True
1631114,Jalen Williams,0.17833935018050542,0.02509907529722589,-0.15324027488327954,-0.10082566842202662,-0.05225978929440071,-0.00015481716685221414,True
1629652,Luguentz Dort,0.13212996389891696,0.013210039630118891,-0.11891992426879806,-0.021795017133839533,-0.09712649347782265,1.5863428641238464e-06,True
1631096,Chet Holmgren,0.12274368231046931,0.17965653896961692,0.05691285665914761,-0.07020941546354799,0.13073504770065864,-0.0036127755779630233,True
1642349,Ajay Mitchell,0.03898916967509025,0.007926023778071334,-0.031063145897018918,-0.00339480442909673,-0.027581835657148043,-8.650581077414288e-05,True
1641717,Cason Wallace,0.04259927797833935,0.017173051519154558,-0.025426226459184794,-0.025780676947592812,0.000632785511332121,-0.00027833502292410293,True
1630198,Isaiah Joe,0.0,0.021136063408190225,0.021136063408190225,0.0,0.0,0.021136063408190225,False
1628983,Shai Gilgeous-Alexander,0.049819494584837545,0.03830911492734478,-0.011510379657492763,-0.019197161164514597,0.008405822358856344,-0.0007190408518345098,True
1631119,Jaylin Williams,0.05054151624548736,0.04227212681638045,-0.008269389429106912,-0.10711908291171138,0.09965273810055736,-0.0008030446179528861,True
1642272,Jared McCain,0.005054151624548736,0.007926023778071334,0.0028718721535225976,-0.0036558861501500184,0.006687929131922607,-0.00016017082824999057,True
1630598,Aaron Wiggins,0.0021660649819494585,0.0,-0.0021660649819494585,0.0,0.0,-0.0021660649819494585,False
