series_id,off_player_id,off_player,off_team,games,total_possessions,largest_tvd,largest_transition,largest_spans_missed_games,null_max_median,null_max_p95,excess_largest_tvd,p_value,q_value,q_value_league
2025_okc_ind_api_20261005,201949,James Johnson,IND,2,7,0.7962962962962963,2->6,True,0.33333333333333337,0.75,0.4629629629629629,0.025743564108972758,0.06950762309422645,0.07137988230215174
2026_den_min_api_20261005,202685,Jonas Valanciunas,DEN,4,47,0.9413680781758957,2->5,True,0.5119047619047619,0.7619047619047619,0.4294633162711339,0.0012496875781054736,0.004463169921805263,0.013452519223135392
2026_okc_sas_api_20261005,1628436,Luke Kornet,SAS,7,147,0.8426076912623996,1->2,False,0.4198782961460446,0.5574881676808655,0.42272939511635504,0.00024993751562109475,0.0024160626510039158,0.003811547113221695
2026_min_sas_api_20261005,203486,Mason Plumlee,SAS,2,17,0.7721139430284858,2->6,True,0.3714285714285714,0.6142857142857143,0.4006853715999144,0.008247938015496127,0.025660251603765727,0.03211431184757003
2026_den_min_api_20261005,1641763,Julian Phillips,MIN,2,7,1.0,3->5,True,0.6000000000000001,1.0,0.3999999999999999,0.13646588352911773,0.1795603730646286,0.2401274681329668
2026_okc_sas_api_20261005,1641705,Victor Wembanyama,SAS,7,504,0.6475990633748074,1->2,False,0.25147438367842667,0.33015937540327783,0.39612467969638077,0.00024993751562109475,0.0024160626510039158,0.003811547113221695
2026_den_min_api_20261005,203944,Julius Randle,MIN,6,404,0.6350861766903126,2->3,False,0.248103743577196,0.32592366038659154,0.38698243311311664,0.00024993751562109475,0.0010414063150878947,0.003811547113221695
2026_den_min_api_20261005,1642461,Spencer Jones,DEN,6,266,0.7215780873083806,1->2,False,0.3382352941176471,0.5147058823529412,0.3833427931907335,0.00024993751562109475,0.0010414063150878947,0.003811547113221695
2026_nyk_sas_api_20261005,1642868,Carter Bryant,SAS,5,41,0.9694444444444444,2->3,False,0.6111111111111112,0.8333333333333334,0.3583333333333333,0.01274681329667583,0.05353661584603849,0.042412124241666856
2026_min_sas_api_20261005,1630538,Bones Hyland,MIN,4,74,0.9069105691056911,2->5,True,0.5494505494505494,0.7417582417582418,0.35746001965514174,0.0014996250937265683,0.013996500874781303,0.01444375748168221
2026_den_min_api_20261005,1631124,Julian Strawther,DEN,2,33,0.789679715302491,3->5,True,0.4340659340659341,0.6538461538461537,0.35561378123655696,0.0029992501874531365,0.00795255731521665,0.020328251270515702
2026_okc_sas_api_20261005,1628392,Isaiah Hartenstein,OKC,7,277,0.6288439979777108,1->2,False,0.28042328042328046,0.38527343186597107,0.3484207175544304,0.00024993751562109475,0.0024160626510039158,0.003811547113221695
2026_den_min_api_20261005,1631128,Christian Braun,DEN,6,377,0.6320471010180359,5->6,False,0.2865248226950355,0.3659574468085106,0.34552227832300036,0.00024993751562109475,0.0010414063150878947,0.003811547113221695
2026_cle_nyk_api_20261005,1630631,Jose Alvarado,NYK,4,49,0.9219793564055859,3->4,False,0.6,0.8,0.32197935640558595,0.002749312671832042,0.03899025243689078,0.01935093149789476
2025_okc_ind_api_20261005,1631097,Bennedict Mathurin,IND,7,271,0.6764383421281827,6->7,False,0.3745847176079734,0.4715821812596006,0.30185362452020925,0.00024993751562109475,0.0033741564608847792,0.003811547113221695
2026_cle_nyk_api_20261005,203903,Jordan Clarkson,NYK,4,67,0.9642857142857142,3->4,False,0.6666666666666667,0.9166666666666666,0.29761904761904745,0.0142464383904024,0.07408147963009248,0.04573856535866033
2026_nyk_sas_api_20261005,203084,Harrison Barnes,SAS,2,34,0.6795933188090051,1->2,False,0.38333333333333336,0.5666666666666668,0.2962599854756717,0.0047488127968008,0.0332416895776056,0.02482950690898704
2026_lal_okc_api_20261005,1642260,Nikola Topić,OKC,2,7,0.8933333333333333,2->3,False,0.6,1.0,0.29333333333333333,0.1137215696075981,0.27913476176410446,0.21906365513884687
2026_nyk_sas_api_20261005,203903,Jordan Clarkson,NYK,4,56,0.7882478632478632,1->3,True,0.5,0.6971428571428571,0.2882478632478632,0.009747563109222694,0.051174706323419146,0.034976549980152025
2026_okc_sas_api_20261005,1642868,Carter Bryant,SAS,7,101,0.9251648351648352,6->7,False,0.6428571428571427,0.8181818181818182,0.2823076923076925,0.010997250687328168,0.03543558554805743,0.03797163916568028
2026_den_min_api_20261005,203937,Kyle Anderson,MIN,5,72,0.9384615384615383,3->4,False,0.6666666666666666,0.8333333333333335,0.2717948717948717,0.006498375406148463,0.012977524849556842,0.02831434998393259
2026_min_sas_api_20261005,1641740,Jaylen Clark,MIN,4,68,0.7903225806451613,5->6,False,0.521551724137931,0.7241379310344827,0.2687708565072302,0.01324668832791802,0.0337188430165186,0.04328828507158925
2025_okc_ind_api_20261005,1631096,Chet Holmgren,OKC,7,386,0.505729564553094,1->2,False,0.25333333333333335,0.3400401069518716,0.2523962312197607,0.0004998750312421895,0.004498875281179706,0.006534080765522906
2025_okc_ind_api_20261005,1628418,Thomas Bryant,IND,6,59,1.0,5->6,False,0.75,1.0,0.25,0.13371657085728567,0.2005748562859285,0.23801816536157222
2026_nyk_sas_api_20261005,1630170,Devin Vassell,SAS,5,342,0.4784896968496137,2->3,False,0.23429951690821255,0.3130182421227197,0.24419017994140113,0.00024993751562109475,0.005248687828042989,0.003811547113221695
2026_den_min_api_20261005,1626145,Tyus Jones,DEN,3,54,0.6963788300835654,5->6,False,0.45604395604395603,0.6538461538461539,0.24033487403960935,0.02274431392151962,0.037907189869199366,0.06503452261934516
2026_den_min_api_20261005,1629661,Cameron Johnson,DEN,6,365,0.5391743014431576,5->6,False,0.29991126885536823,0.3805321745923249,0.23926303258778936,0.00024993751562109475,0.0010414063150878947,0.003811547113221695
2026_okc_sas_api_20261005,1629640,Keldon Johnson,SAS,7,246,0.6458730458730458,6->7,False,0.4071428571428572,0.5071428571428572,0.23873018873018864,0.0004998750312421895,0.0036240939765058737,0.006534080765522906
2026_den_min_api_20261005,1627750,Jamal Murray,DEN,6,470,0.453190703628933,5->6,False,0.21472184531886027,0.28664370455415233,0.23846885831007272,0.00024993751562109475,0.0010414063150878947,0.003811547113221695
2026_den_min_api_20261005,203999,Nikola Jokić,DEN,6,494,0.41958496994936345,2->3,False,0.18947906026557712,0.256511746680286,0.23010590968378633,0.00024993751562109475,0.0010414063150878947,0.003811547113221695
2026_cle_nyk_api_20261005,1630540,Miles McBride,NYK,4,108,0.5898439319822968,3->4,False,0.3636363636363636,0.5,0.2262075683459332,0.005998500374906273,0.03899025243689078,0.026773794356288974
2025_okc_ind_api_20261005,1629652,Luguentz Dort,OKC,7,395,0.49084991554402013,6->7,False,0.26744730679156903,0.3578628605891613,0.2234026087524511,0.0007498125468632841,0.005061234691327168,0.009147713071732066
2025_okc_ind_api_20261005,1642277,Johnny Furphy,IND,4,24,1.0000000000000002,5->6,False,0.7777777777777778,1.0,0.22222222222222243,0.12146963259185203,0.19292235764588264,0.22682594657458083
2025_okc_ind_api_20261005,1627936,Alex Caruso,OKC,7,373,0.5039231031645697,6->7,False,0.2833333333333333,0.37254901960784315,0.22058976983123635,0.00024993751562109475,0.0033741564608847792,0.003811547113221695
2026_den_min_api_20261005,203501,Tim Hardaway Jr.,DEN,6,266,0.5628205128205129,5->6,False,0.34271099744245526,0.4664535379369132,0.22010951537805767,0.0034991252186953262,0.00795255731521665,0.022080686724870506
2026_lal_okc_api_20261005,1642876,Adou Thiero,LAL,4,43,0.9591836734693877,1->2,False,0.7391304347826086,0.923076923076923,0.22005323868677906,0.018245438640339916,0.07037526332702539,0.05459119091194943
2026_min_sas_api_20261005,1642868,Carter Bryant,SAS,5,126,0.6700033255736614,2->3,False,0.45341614906832284,0.5962732919254657,0.21658717650533854,0.007748062984253936,0.025660251603765727,0.03211431184757003
2026_den_min_api_20261005,1630192,Zeke Nnaji,DEN,2,37,0.6372697724810401,3->6,True,0.4375,0.675,0.1997697724810401,0.08247938015496126,0.12129320611023713,0.16959243335233606
2026_okc_sas_api_20261005,1642349,Ajay Mitchell,OKC,3,151,0.46412863756613754,2->3,False,0.2647527910685805,0.3668261562998405,0.19937584649755702,0.0022494376405898524,0.01087228192951762,0.017897699488171433
2026_den_min_api_20261005,1628971,Bruce Brown,DEN,6,211,0.5583152185610055,5->6,False,0.367109634551495,0.47253066700741114,0.19120558400951054,0.0022494376405898524,0.007029492626843289,0.017897699488171433
2026_okc_sas_api_20261005,1642844,Dylan Harper,SAS,7,352,0.5276055838163966,3->4,False,0.34220251293422027,0.4394124168514411,0.18540307088217628,0.001999500124968758,0.01087228192951762,0.01742421537472775
2025_okc_ind_api_20261005,1628392,Isaiah Hartenstein,OKC,7,247,0.5230899138131841,4->5,False,0.3397849462365592,0.44272445820433437,0.18330496757662496,0.003999000249937516,0.017995501124718823,0.023607001475437595
2025_okc_ind_api_20261005,1630598,Aaron Wiggins,OKC,7,194,0.5905205905205905,3->4,False,0.4092140921409214,0.5333333333333333,0.18130649837966906,0.010247438140464884,0.03074231442139465,0.036063099609712955
2026_min_sas_api_20261005,1630577,Julian Champagnie,SAS,6,321,0.459846061111884,2->3,False,0.2797888386123681,0.3602090332213512,0.1800572224995159,0.0014996250937265683,0.013996500874781303,0.01444375748168221
2026_cle_nyk_api_20261005,1641772,Nae'Qwan Tomlin,CLE,2,15,0.8928571428571429,2->4,True,0.7142857142857143,1.0,0.1785714285714286,0.23019245188702825,0.39900024993751565,0.3569933787739506
2025_okc_ind_api_20261005,1641767,Ben Sheppard,IND,7,174,0.6969746974697473,5->6,False,0.5222222222222221,0.6777777777777778,0.17475247524752513,0.033741564608847786,0.0828202040398991,0.0908045047561639
2025_okc_ind_api_20261005,1630169,Tyrese Haliburton,IND,7,396,0.5099558539501517,6->7,False,0.33666921313980147,0.5090909090909091,0.17328664081035028,0.04998750312421894,0.10797300674831292,0.12196950762309422
2026_min_sas_api_20261005,203497,Rudy Gobert,MIN,6,344,0.3968656896833692,4->5,False,0.22597402597402597,0.3145743145743145,0.17089166370934325,0.004498875281179705,0.020994751312171957,0.02482950690898704
2026_lal_okc_api_20261005,1631222,Jake LaRavia,LAL,2,46,0.45407668840102894,1->2,False,0.2857142857142857,0.4404761904761904,0.16836240268674324,0.03624093976505874,0.12231317170707325,0.09474417110008213
2026_lal_okc_api_20261005,1641717,Cason Wallace,OKC,4,177,0.4342883764267412,3->4,False,0.2671568627450981,0.3627450980392157,0.16713151368164308,0.005498625343664084,0.051737065733566616,0.026299675081229695
2026_lal_okc_api_20261005,1630598,Aaron Wiggins,OKC,4,17,1.0,3->4,False,0.8333333333333335,1.0,0.16666666666666652,0.4886278430392402,0.5336565858535366,0.5762476578307653
2026_min_sas_api_20261005,203482,Kelly Olynyk,SAS,3,40,0.6165950316893714,2->5,True,0.45,0.7,0.16659503168937134,0.09847538115471133,0.16219474543128926,0.19588037773165407
2026_min_sas_api_20261005,1641763,Julian Phillips,MIN,3,42,0.6651397159871736,5->6,False,0.5,0.7,0.16513971598717359,0.07823044238940265,0.1382154461384654,0.1658022994251437
2026_lal_okc_api_20261005,1629652,Luguentz Dort,OKC,4,187,0.3962834763041157,1->2,False,0.23203691496374423,0.33783783783783783,0.16424656134037147,0.005748562859285179,0.051737065733566616,0.026299675081229695
2026_den_min_api_20261005,1630245,Ayo Dosunmu,MIN,5,323,0.42377689293025417,3->4,False,0.26138744134194086,0.3546511627906977,0.1623894515883133,0.0034991252186953262,0.00795255731521665,0.022080686724870506
2026_min_sas_api_20261005,203944,Julius Randle,MIN,6,403,0.40024691358024694,2->3,False,0.24093872229465452,0.31831873762537805,0.15930819128559243,0.0012496875781054736,0.013996500874781303,0.013452519223135392
2026_lal_okc_api_20261005,1629020,Jarred Vanderbilt,LAL,2,15,0.6106442577030813,1->4,True,0.45454545454545453,0.7272727272727273,0.15609880315762675,0.16820794801299674,0.31222194451387153,0.28768275220914397
2026_cle_nyk_api_20261005,1628404,Josh Hart,NYK,4,221,0.3848214779725652,3->4,False,0.2299107142857143,0.31861413043478265,0.15491076368685092,0.004498875281179705,0.03899025243689078,0.02482950690898704
2026_min_sas_api_20261005,1629640,Keldon Johnson,SAS,6,226,0.43860530033531336,5->6,False,0.28928571428571426,0.40639534883720924,0.1493195860495991,0.021994501374656337,0.0473727721915675,0.06388878970733508
2026_min_sas_api_20261005,1630170,Devin Vassell,SAS,6,381,0.39454063096533176,2->3,False,0.24677103718199608,0.32779706668350056,0.14776959378333568,0.0024993751562109472,0.013996500874781303,0.018295426143464133
2026_min_sas_api_20261005,1628368,De'Aaron Fox,SAS,6,388,0.38979293631276957,1->2,False,0.24205087440381556,0.31917391591478667,0.147742061908954,0.0024993751562109472,0.013996500874781303,0.018295426143464133
2026_okc_sas_api_20261005,1628368,De'Aaron Fox,SAS,5,286,0.41059383803394567,3->4,False,0.26368159203980096,0.34585987665057755,0.1469122459941447,0.0049987503124218945,0.02070910843717642,0.02541031408814463
2026_den_min_api_20261005,1630545,Terrence Shannon Jr,MIN,3,108,0.47535117056856185,5->6,False,0.32932692307692313,0.4903846153846154,0.14602424749163873,0.06773306673331667,0.10583291677080729,0.1549393901524619
2025_okc_ind_api_20261005,1630167,Obi Toppin,IND,7,297,0.4853133951546342,1->2,False,0.344294003868472,0.4358478401031592,0.1410193912861622,0.0094976255936016,0.03074231442139465,0.034761309672581855
2025_okc_ind_api_20261005,1631114,Jalen Williams,OKC,7,456,0.39147376699999287,5->6,False,0.251984126984127,0.3314718244084681,0.1394896400158659,0.0047488127968008,0.0183168493590888,0.02482950690898704
2026_lal_okc_api_20261005,203935,Marcus Smart,LAL,4,245,0.36227216466572126,2->3,False,0.22292626728110598,0.30762829990534674,0.13934589738461528,0.005498625343664084,0.051737065733566616,0.026299675081229695
2026_cle_nyk_api_20261005,1642878,Tyrese Proctor,CLE,2,16,0.8721804511278195,2->4,True,0.7333333333333334,1.0,0.1388471177944861,0.31517120719820046,0.45524729928628954,0.4471033404439588
2026_cle_nyk_api_20261005,1642278,Tyler Kolek,NYK,2,17,0.8875,2->4,True,0.75,1.0,0.13749999999999996,0.21494626343414147,0.39900024993751565,0.34027915434934364
2026_lal_okc_api_20261005,1642272,Jared McCain,OKC,4,101,0.5897483740270818,3->4,False,0.453781512605042,0.5978835978835979,0.1359668614220398,0.071232191952012,0.1923269182704324,0.15705410996648428
2026_okc_sas_api_20261005,1629026,Kenrich Williams,OKC,5,108,0.9512195121951218,3->4,False,0.816326530612245,0.9387755102040818,0.13489298158287677,0.04423894026493377,0.09868686674485225,0.11244063984003999
2025_okc_ind_api_20261005,1628983,Shai Gilgeous-Alexander,OKC,7,509,0.34626933575978164,2->3,False,0.2125403164126448,0.2815395580898076,0.13372901934713685,0.001999500124968758,0.010797300674831294,0.01742421537472775
2026_lal_okc_api_20261005,1631096,Chet Holmgren,OKC,4,242,0.3618121009425357,1->2,False,0.2296849087893864,0.31677427978504547,0.13212719215314928,0.00899775056235941,0.06073481629592602,0.03430392401899525
2026_cle_nyk_api_20261005,1628378,Donovan Mitchell,CLE,4,287,0.33588368153585546,1->2,False,0.20378874856486798,0.2826349024110218,0.13209493297098748,0.005748562859285179,0.03899025243689078,0.026299675081229695
2026_nyk_sas_api_20261005,1628384,OG Anunoby,NYK,5,337,0.36111207901684605,1->2,False,0.22953216374269003,0.30557615029134005,0.13157991527415602,0.003999000249937516,0.0332416895776056,0.023607001475437595
2026_okc_sas_api_20261005,1627936,Alex Caruso,OKC,7,346,0.4480197095822912,1->2,False,0.3188028627195837,0.4165927240461401,0.1292168468627075,0.01849537615596101,0.053636590852286926,0.05459119091194943
2026_min_sas_api_20261005,1630162,Anthony Edwards,MIN,6,452,0.36119070610104775,2->3,False,0.23283208020050128,0.3163265306122449,0.12835862590054647,0.009247688077980504,0.025893526618345413,0.034537284046335354
2026_min_sas_api_20261005,1642264,Stephon Castle,SAS,6,377,0.38248281944011275,2->3,False,0.25484276729559746,0.33875521106753537,0.1276400521445153,0.008247938015496127,0.025660251603765727,0.03211431184757003
2026_okc_sas_api_20261005,1630577,Julian Champagnie,SAS,7,426,0.41392491929404024,3->4,False,0.28659651360544214,0.3676870748299319,0.1273284056885981,0.008247938015496127,0.02989877530617346,0.03211431184757003
2026_lal_okc_api_20261005,1630559,Austin Reaves,LAL,4,283,0.3205804598880959,2->3,False,0.19406943105110894,0.27941176470588236,0.12651102883698698,0.012496875781054736,0.06748312921769557,0.04235052348024105
2026_den_min_api_20261005,1630183,Jaden McDaniels,MIN,6,422,0.3711307727636768,4->5,False,0.2447219744275944,0.32530478739220936,0.12640879833608237,0.006748312921769558,0.012977524849556842,0.02871956429497277
2026_den_min_api_20261005,1629675,Naz Reid,MIN,6,284,0.4385581933989577,4->5,False,0.3141176470588235,0.40744444444444416,0.12444054634013418,0.017245688577855536,0.030795872460456314,0.05336165958510372
2026_lal_okc_api_20261005,1628392,Isaiah Hartenstein,OKC,4,204,0.3739049862849621,1->2,False,0.2508132726089785,0.34183673469387754,0.1230917136759836,0.01749562609347663,0.07037526332702539,0.05336165958510372
2026_min_sas_api_20261005,1642844,Dylan Harper,SAS,6,308,0.4039905599656726,4->5,False,0.2879310344827586,0.375,0.11605952548291404,0.016745813546613347,0.03907356494209781,0.05283592894879728
2026_min_sas_api_20261005,1630545,Terrence Shannon Jr,MIN,6,298,0.40918961864406783,3->4,False,0.29523809523809524,0.39940476190476193,0.11395152340597259,0.03749062734316421,0.07498125468632842,0.09663077188449366
2026_cle_nyk_api_20261005,1642281,Jaylon Tyson,CLE,3,62,0.5279594047093746,2->3,False,0.4166666666666667,0.5846774193548387,0.11129273804270795,0.12746813296675832,0.2761809547613097,0.23326668332916775
2025_okc_ind_api_20261005,1641717,Cason Wallace,OKC,7,275,0.4266216917488324,2->3,False,0.318103448275862,0.43381535038932145,0.1085182434729704,0.05923519120219945,0.11022244438890279,0.1407797401299026
2026_okc_sas_api_20261005,203482,Kelly Olynyk,SAS,4,25,0.7430057388809181,5->6,False,0.6363636363636364,1.0,0.10664210251728179,0.41914521369657587,0.5414081262293122,0.5253669459347492
2026_nyk_sas_api_20261005,1629640,Keldon Johnson,SAS,5,130,0.47010011878499913,1->2,False,0.36471861471861466,0.5,0.10538150406638447,0.0899775056235941,0.20994751312171958,0.18295426143464136
2026_lal_okc_api_20261005,1629637,Jaxson Hayes,LAL,4,130,0.43123747881029434,3->4,False,0.3328840970350404,0.48382749326145547,0.09835338177525393,0.14896275931017244,0.31222194451387153,0.25962080908344337
2026_okc_sas_api_20261005,1630170,Devin Vassell,SAS,7,472,0.37243790692066553,3->4,False,0.2760180995475113,0.3538499245852187,0.09641980737315425,0.024493876530867282,0.0645747653995592,0.06895968315613404
2026_cle_nyk_api_20261005,1629622,Max Strus,CLE,4,194,0.35186023127199595,1->2,False,0.256433007985803,0.3500443655723159,0.09542722328619296,0.047238190452386905,0.20469882529367658,0.11841902538064114
2026_cle_nyk_api_20261005,1630241,Sam Merrill,CLE,4,171,0.383175241927757,3->4,False,0.2882882882882883,0.3888888888888889,0.0948869536394687,0.06223444138965259,0.2187786386736649,0.14416332625704334
2026_okc_sas_api_20261005,1642272,Jared McCain,OKC,7,348,0.3987355811889974,1->2,False,0.306878306878307,0.3917072213500784,0.0918572743106904,0.03524118970257436,0.08516620844788803,0.09346576399378417
2026_cle_nyk_api_20261005,1629013,Landry Shamet,NYK,4,135,0.41450620217670264,1->2,False,0.3236363636363636,0.4498432601880878,0.09086983854033903,0.11647088227943014,0.27529481266047123,0.21973372636222388
2026_nyk_sas_api_20261005,1641705,Victor Wembanyama,SAS,5,367,0.28957599780724874,3->4,False,0.2,0.27352136752136746,0.08957599780724873,0.02749312671832042,0.09622594351412146,0.07509316700675576
2026_lal_okc_api_20261005,1641733,Nick Smith Jr.,LAL,3,16,0.755918367346939,1->2,False,0.6666666666666666,1.0,0.08925170068027233,0.17345663584103974,0.31222194451387153,0.2939126329528729
2026_min_sas_api_20261005,1628436,Luke Kornet,SAS,6,182,0.4149154967361173,4->5,False,0.3282051282051282,0.4573183760683757,0.08671036853098907,0.11622094476380905,0.17127297123087648,0.21973372636222388
2026_lal_okc_api_20261005,1628379,Luke Kennard,LAL,4,203,0.3323194308398206,2->3,False,0.2495776088213063,0.3420268107242897,0.08274182201851427,0.06973256685828542,0.1923269182704324,0.15562267969592966
2026_cle_nyk_api_20261005,1626157,Karl-Anthony Towns,NYK,4,248,0.2888815915496812,1->2,False,0.2072093578419671,0.2964727707424988,0.08167223370771409,0.06923269182704324,0.2187786386736649,0.15562267969592966
2026_min_sas_api_20261005,1642866,Joan Beringer,MIN,3,46,0.5238095238095238,2->5,True,0.4444444444444445,0.65,0.07936507936507936,0.2801799550112472,0.3922519370157461,0.4037238721815609
2025_okc_ind_api_20261005,1626167,Myles Turner,IND,7,353,0.3462420785804816,6->7,False,0.26768867924528306,0.3535601976639711,0.07855339933519856,0.06123469132716821,0.11022244438890279,0.14366600657527925
2026_okc_sas_api_20261005,1628983,Shai Gilgeous-Alexander,OKC,7,543,0.3098458036064166,3->4,False,0.23285870755750276,0.3087432293954033,0.07698709604891385,0.04873781554611347,0.10095690363123504,0.12052730060728062
2025_okc_ind_api_20261005,1629614,Andrew Nembhard,IND,7,427,0.3381979620511731,6->7,False,0.2619047619047619,0.3392857142857143,0.07629320014641117,0.0519870032491877,0.10797300674831292,0.1251792315079125
2025_okc_ind_api_20261005,204456,T.J. McConnell,IND,7,271,0.43514489520620214,6->7,False,0.35966386554621843,0.4599078341013825,0.07548102965998371,0.10522369407648088,0.1775649837540615,0.20705307544081725
2026_nyk_sas_api_20261005,1642844,Dylan Harper,SAS,5,290,0.3280454797952936,1->2,False,0.25319958491871325,0.339812925170068,0.07484589487658033,0.07623094226443389,0.2092914271432142,0.1641207345222518
2026_lal_okc_api_20261005,1628467,Maxi Kleber,LAL,2,16,0.9414893617021275,3->4,False,0.8666666666666666,1.0,0.0748226950354609,0.20944763809047737,0.34694267609568197,0.3362185769347137
2026_nyk_sas_api_20261005,1630631,Jose Alvarado,NYK,5,99,0.4790053952615529,4->5,False,0.40476190476190477,0.5555555555555556,0.07424349049964812,0.19645088727818044,0.34843212273854607,0.32387848983700024
2026_cle_nyk_api_20261005,1628384,OG Anunoby,NYK,4,239,0.2908904619970194,3->4,False,0.21875,0.3085227272727273,0.0721404619970194,0.09147713071732066,0.23784053986503376,0.18395950462933716
2026_nyk_sas_api_20261005,1628368,De'Aaron Fox,SAS,5,327,0.30840329601990046,1->2,False,0.2384615384615385,0.3203782702788447,0.06994175755836196,0.07973006748312922,0.2092914271432142,0.1658022994251437
2026_cle_nyk_api_20261005,1629011,Mitchell Robinson,NYK,4,105,0.4023226616446955,1->2,False,0.3328591749644381,0.4868421052631579,0.06946348668025737,0.1894526368407898,0.3789052736815796,0.31518029583513213
2026_min_sas_api_20261005,1629675,Naz Reid,MIN,6,351,0.34334486424729055,4->5,False,0.27419354838709675,0.35676700692116614,0.0691513158601938,0.07898025493626594,0.1382154461384654,0.1658022994251437
2026_cle_nyk_api_20261005,1628973,Jalen Brunson,NYK,4,309,0.2762379687762017,3->4,False,0.2074712643678161,0.28611835973904937,0.06876670440838561,0.0757310672331917,0.2187786386736649,0.1641207345222518
2026_min_sas_api_20261005,1630183,Jaden McDaniels,MIN,6,379,0.31918173773574465,2->3,False,0.25766251622600256,0.3439329268292681,0.061519221509742095,0.1132216945763559,0.17127297123087648,0.21906365513884687
2026_den_min_api_20261005,1630538,Bones Hyland,MIN,6,164,0.49224889211050893,5->6,False,0.4331550802139038,0.6470588235294118,0.05909381189660512,0.2794301424643839,0.3445567179633663,0.4037238721815609
2026_okc_sas_api_20261005,1641717,Cason Wallace,OKC,7,348,0.3682870498096371,2->3,False,0.31102003642987247,0.3952621649752796,0.05726701337976464,0.13396650837290677,0.25900191618761975,0.23801816536157222
2026_min_sas_api_20261005,203084,Harrison Barnes,SAS,6,94,0.6974584555229717,4->5,False,0.6428571428571429,0.8571428571428571,0.054601312665828794,0.3421644588852787,0.4562192785137049,0.4707977141053083
2026_nyk_sas_api_20261005,1629013,Landry Shamet,NYK,5,222,0.3586466165413534,2->3,False,0.30669800235017625,0.42022970175144075,0.051948614191177134,0.2091977005748563,0.34843212273854607,0.3362185769347137
2026_lal_okc_api_20261005,1630198,Isaiah Joe,OKC,4,90,0.4798661046367469,2->3,False,0.4307692307692308,0.5794871794871793,0.0490968738675161,0.26643339165208696,0.39459871874136726,0.3964008997750562
2026_nyk_sas_api_20261005,1628973,Jalen Brunson,NYK,5,379,0.2606591521685861,3->4,False,0.21362229102167182,0.2866000071999424,0.04703686114691427,0.12921769557610596,0.2713571607098225,0.2341271117864098
2026_cle_nyk_api_20261005,1629731,Dean Wade,CLE,4,134,0.31464257241562577,1->2,False,0.2678396871945259,0.3883870967741936,0.04680288522109988,0.25343664083979006,0.40137024567387564,0.38329673779902135
2026_den_min_api_20261005,203497,Rudy Gobert,MIN,6,416,0.23242907751397493,2->3,False,0.18623481781376516,0.2537112010796221,0.04619425970020977,0.12371907023244189,0.17183204198950264,0.2286928267933017
2026_nyk_sas_api_20261005,1630574,Ariel Hukporti,NYK,2,11,0.4032258064516129,4->5,False,0.35714285714285715,0.75,0.04608294930875573,0.490627343164209,0.6171839393092904,0.5762476578307653
2026_min_sas_api_20261005,203937,Kyle Anderson,MIN,3,54,0.5810344827586207,5->6,False,0.5357142857142857,0.7321428571428571,0.04532019704433499,0.3894026493376656,0.4780109320495963,0.516944504880974
2026_cle_nyk_api_20261005,1628418,Thomas Bryant,CLE,2,18,0.8641975308641975,2->4,True,0.8235294117647058,1.0,0.04066811909949164,0.40489877530617346,0.5540720083137111,0.5186880363242522
2025_okc_ind_api_20261005,1631172,Ousmane Dieng,OKC,3,10,0.707070707070707,6->7,False,0.6666666666666667,1.0,0.04040404040404022,0.4918770307423144,0.5774208621757604,0.5762476578307653
2025_okc_ind_api_20261005,1630198,Isaiah Joe,OKC,5,75,0.6403100775193798,4->6,True,0.6,0.8000000000000002,0.04031007751937987,0.3971507123219195,0.5228335773199557,0.5183704073981504
2026_okc_sas_api_20261005,203084,Harrison Barnes,SAS,7,104,0.748292095855014,4->5,False,0.7083333333333334,0.8928571428571428,0.039958762521680624,0.42939265183704073,0.5414081262293122,0.5345500359603976
2026_den_min_api_20261005,201144,Mike Conley,MIN,5,140,0.5075598518648121,5->6,False,0.467948717948718,0.6547619047619047,0.03961113391609411,0.37715571107223195,0.425154128134633,0.5112555194534699
2026_lal_okc_api_20261005,1642261,Dalton Knecht,LAL,3,14,0.7051338306274681,1->2,False,0.6666666666666666,1.0,0.03846716396080152,0.2184453886528368,0.34694267609568197,0.34167099250828326
2026_nyk_sas_api_20261005,1626157,Karl-Anthony Towns,NYK,5,284,0.30227722453707434,2->3,False,0.2643540669856459,0.3588516746411483,0.037923157551428444,0.24393901524618844,0.36590852286928266,0.37200699825043737
2026_okc_sas_api_20261005,1642264,Stephon Castle,SAS,7,474,0.31622767744006486,6->7,False,0.27936507936507937,0.3586956521739131,0.036862598074985486,0.2026993251687078,0.3457812017583839,0.3311962188024422
2026_nyk_sas_api_20261005,1630577,Julian Champagnie,SAS,5,292,0.26266412169587594,2->3,False,0.22592592592592592,0.30407523510971785,0.03673819576995002,0.21569607598100474,0.34843212273854607,0.34027915434934364
2026_lal_okc_api_20261005,1627936,Alex Caruso,OKC,4,146,0.3292478969571403,1->2,False,0.2927927927927928,0.3993993993993994,0.036455104164347496,0.32141964508872783,0.43391652086978255,0.4524599619325938
2026_okc_sas_api_20261005,1629652,Luguentz Dort,OKC,7,243,0.3979214619515937,6->7,False,0.3619047619047619,0.4656084656084656,0.03601670004683183,0.2696825793551612,0.4116207790157724,0.39799929049995564
2026_okc_sas_api_20261005,1631096,Chet Holmgren,OKC,7,397,0.3089080459770115,2->3,False,0.27503628447024675,0.3603504158020878,0.03387176150676474,0.24018995251187203,0.38697270126912714,0.3693677420980889
2026_cle_nyk_api_20261005,1631165,Keon Ellis,CLE,3,38,0.9642857142857144,1->2,False,0.9310344827586207,1.0,0.03325123152709375,0.4566358410397401,0.5936265933516621,0.5534063503991552
2026_okc_sas_api_20261005,202687,Bismack Biyombo,SAS,3,20,0.7809523809523808,3->5,True,0.75,1.0,0.030952380952380842,0.1887028242939265,0.3420238690327418,0.31518029583513213
2026_lal_okc_api_20261005,1642355,Bronny James,LAL,3,16,0.7799999999999999,1->2,False,0.7499999999999999,1.0,0.030000000000000027,0.15271182204448888,0.31222194451387153,0.2636439946617119
2026_okc_sas_api_20261005,1631114,Jalen Williams,OKC,3,102,0.40391427946643343,2->6,True,0.375,0.5447916666666659,0.028914279466433435,0.3829042739315171,0.5287725687625712,0.5152314862460855
2026_lal_okc_api_20261005,1629060,Rui Hachimura,LAL,4,271,0.23672464400941218,3->4,False,0.20876629510674474,0.28749694152189864,0.027958348902667435,0.27768057985503625,0.39459871874136726,0.4037238721815609
2026_cle_nyk_api_20261005,1628969,Mikal Bridges,NYK,4,284,0.24356787491115847,2->3,False,0.21576682316118936,0.29631368457659524,0.027801051749969108,0.26243439140214947,0.40137024567387564,0.3936515871032242
2026_den_min_api_20261005,203932,Aaron Gordon,DEN,3,190,0.2138590203106332,2->4,True,0.18632478632478633,0.2724920270442658,0.027534233985846868,0.2894276430892277,0.3445567179633663,0.41379108347913024
2026_lal_okc_api_20261005,1631119,Jaylin Williams,OKC,4,97,0.42653061224489797,3->4,False,0.4,0.5619047619047619,0.026530612244897944,0.3994001499625094,0.48646534018669246,0.5183704073981504
2026_den_min_api_20261005,1641740,Jaylen Clark,MIN,2,43,0.3263407844100549,5->6,False,0.30043859649122806,0.456140350877193,0.025902187918826813,0.3924018995251187,0.425154128134633,0.516944504880974
2026_okc_sas_api_20261005,1631119,Jaylin Williams,OKC,7,236,0.4454131568761175,1->2,False,0.42222222222222217,0.5528453453453446,0.023190934653895323,0.3459135216195951,0.5015746063484129,0.4724042869879545
2025_okc_ind_api_20261005,1630174,Aaron Nesmith,IND,7,345,0.3042804814945941,5->6,False,0.28260869565217395,0.3755060728744939,0.021671785842420133,0.32441889527618095,0.46101632486615185,0.4531958613400085
2026_lal_okc_api_20261005,1628983,Shai Gilgeous-Alexander,OKC,4,282,0.22096260031160975,2->3,False,0.20077220077220076,0.2862210424710424,0.020190399539408987,0.3384153961509623,0.4351055093369515,0.4691667992092886
2026_den_min_api_20261005,1630162,Anthony Edwards,MIN,4,245,0.24833876654393083,2->3,False,0.23328488372093026,0.34374999999999994,0.015053882823000575,0.40814796300924766,0.425154128134633,0.5186880363242522
2026_min_sas_api_20261005,1641705,Victor Wembanyama,SAS,6,368,0.2579070582994493,1->2,False,0.24338624338624337,0.35004516711833783,0.014520814913205948,0.3926518370407398,0.4780109320495963,0.516944504880974
2026_lal_okc_api_20261005,1642349,Ajay Mitchell,OKC,4,214,0.2583704935379034,1->2,False,0.24754500818330602,0.33878887070376434,0.010825485354597403,0.41439640089977503,0.48646534018669246,0.5229968369976471
2025_okc_ind_api_20261005,1628396,Tony Bradley,IND,3,43,0.37933474876150036,5->6,False,0.3695652173913043,0.5833333333333333,0.009769531370196038,0.40664833791552113,0.5228335773199557,0.5186880363242522
2026_min_sas_api_20261005,1630322,Lindy Waters III,SAS,3,37,0.47627801120448177,2->5,True,0.4666666666666667,0.7333333333333333,0.009611344537815092,0.45313671582104476,0.5220694826293426,0.5528267933016746
2026_nyk_sas_api_20261005,1628969,Mikal Bridges,NYK,5,295,0.2544225247754006,2->3,False,0.24578947368421056,0.3330914368650218,0.008633051091190058,0.44363909022744313,0.6171839393092904,0.5448721712189402
2026_min_sas_api_20261005,1629162,Jordan McLaughlin,SAS,3,42,0.3664552501761804,2->5,True,0.36190476190476195,0.5809523809523809,0.0045504882714184625,0.4943764058985254,0.532405360198412,0.5762476578307653
2026_nyk_sas_api_20261005,1628436,Luke Kornet,SAS,5,89,0.4487128972944576,4->5,False,0.44444444444444453,0.6432142857142837,0.004268452850013094,0.4996250937265684,0.6171839393092904,0.5786796971643166
2025_okc_ind_api_20261005,1627783,Pascal Siakam,IND,7,450,0.26952407523656735,2->3,False,0.2654680063458487,0.33986588753712044,0.004056068890718634,0.4393901524618845,0.5392515507486765,0.5432999858143571
2026_min_sas_api_20261005,202687,Bismack Biyombo,SAS,3,24,0.38636363636363635,2->5,True,0.3846153846153846,0.6923076923076923,0.0017482517482517723,0.46613346663334165,0.5220694826293426,0.5612001604861941
2026_lal_okc_api_20261005,2544,LeBron James,LAL,4,280,0.1889802934495672,3->4,False,0.1884920634920635,0.27182539682539686,0.0004882299575037219,0.49412646838290425,0.5336565858535366,0.5762476578307653
2026_okc_sas_api_20261005,1630598,Aaron Wiggins,OKC,6,69,1.0,1->2,False,1.0,1.0,0.0,0.9460134966258436,0.9460134966258436,0.9671534630308903
2025_okc_ind_api_20261005,1631119,Jaylin Williams,OKC,3,30,1.0,2->3,False,1.0,1.0,0.0,0.5228692826793302,0.5882279430142464,0.6017929479894177
2026_okc_sas_api_20261005,1630322,Lindy Waters III,SAS,3,20,0.5957446808510638,3->4,False,0.6,0.9999999999999999,-0.004255319148936176,0.5523619095226193,0.6674373073398318,0.6278399344263312
2026_cle_nyk_api_20261005,203471,Dennis Schröder,CLE,3,78,0.3095589933040868,2->3,False,0.3157894736842105,0.478021978021978,-0.006230480380123693,0.5406148462884279,0.6693326668332917,0.6183282304423894
2026_okc_sas_api_20261005,1642260,Nikola Topić,OKC,4,26,0.8709677419354838,3->4,False,0.8888888888888888,1.0,-0.017921146953405076,0.6338415396150963,0.7069771018783766,0.7029878893912885
2026_nyk_sas_api_20261005,1642264,Stephon Castle,SAS,5,290,0.2211798128342246,3->4,False,0.23947368421052628,0.3287878787878788,-0.018293871376301674,0.6613346663334166,0.7576480879780055,0.7290617104759954
2026_cle_nyk_api_20261005,201935,James Harden,CLE,4,278,0.16656968641114986,3->4,False,0.1857832547787379,0.2679000268925642,-0.01921356836758803,0.6798300424893776,0.76850352629234,0.7449634597338689
2026_nyk_sas_api_20261005,1628404,Josh Hart,NYK,5,276,0.24125439916023486,2->3,False,0.26666666666666666,0.36243386243386244,-0.0254122675064318,0.6918270432391902,0.7576480879780055,0.753597314956975
2026_cle_nyk_api_20261005,1630596,Evan Mobley,CLE,4,273,0.17021537921656354,2->3,False,0.19622454048683555,0.27943368107302535,-0.026009161270272002,0.7403149212696826,0.7699275181204699,0.7922668455693095
2026_cle_nyk_api_20261005,1628386,Jarrett Allen,CLE,4,233,0.17370764754361764,2->3,False,0.20289855072463767,0.29411764705882354,-0.029190903181020023,0.7363159210197451,0.7699275181204699,0.7922668455693095
2026_den_min_api_20261005,1628978,Donte DiVincenzo,MIN,4,201,0.6292875989445911,3->4,False,0.6619718309859155,0.9154929577464788,-0.032684232041324424,0.5918520369907523,0.5918520369907523,0.6685735973414054
2026_nyk_sas_api_20261005,1630540,Miles McBride,NYK,5,125,0.3929480386562689,1->2,False,0.42857142857142855,0.5838509316770185,-0.03562338991515962,0.7215696075981005,0.7576480879780055,0.7813446046772331
2026_min_sas_api_20261005,1630245,Ayo Dosunmu,MIN,5,259,0.21809448263705275,2->3,False,0.2575757575757576,0.371807359307359,-0.039481274938704874,0.8085478630342414,0.8372906773306673,0.8455100510586638
2026_okc_sas_api_20261005,203486,Mason Plumlee,SAS,3,18,0.5384615384615384,3->5,True,0.6,0.9999999999999999,-0.06153846153846154,0.7833041739565109,0.8112793230263862,0.8285818718730722
2026_okc_sas_api_20261005,1630198,Isaiah Joe,OKC,6,115,0.8728335555327659,4->5,False,0.9354838709677418,1.0,-0.0626503154349759,0.7720569857535616,0.8112793230263862,0.8214327232145452
2026_lal_okc_api_20261005,1629028,Deandre Ayton,LAL,4,174,0.15129156979358005,2->3,False,0.22610415293342126,0.32827949901120634,-0.07481258313984121,0.9415146213446638,0.9777267221656124,0.9671534630308903
2026_okc_sas_api_20261005,1629162,Jordan McLaughlin,SAS,5,43,0.7209302325581395,2->3,False,0.7999999999999999,1.0,-0.07906976744186045,0.6020994751312172,0.6984353911522119,0.6759767113436365
2026_min_sas_api_20261005,201144,Mike Conley,MIN,6,180,0.353696819496076,3->4,False,0.44791666666666663,0.625,-0.09421984717059062,0.8372906773306673,0.8372906773306673,0.870592011088137
2026_cle_nyk_api_20261005,1641854,Craig Porter Jr.,CLE,2,18,0.6666666666666666,2->4,True,0.7647058823529411,1.0,-0.0980392156862745,0.628092976755811,0.7422916998023221,0.7008598460141062
2026_nyk_sas_api_20261005,1629011,Mitchell Robinson,NYK,5,132,0.19234972677595627,3->4,False,0.3159340659340659,0.4742857142857143,-0.12358433915810965,0.9802549362659335,0.9802549362659336,0.9856409523992627
2025_okc_ind_api_20261005,1642349,Ajay Mitchell,OKC,4,41,0.6502057613168724,6->7,False,0.8076923076923077,1.0,-0.15748654637543535,0.9692576855786054,0.9692576855786054,0.9799677152535071
2025_okc_ind_api_20261005,1641794,Dillon Jones,OKC,3,18,0.5864661654135338,6->7,False,0.7857142857142857,1.0,-0.1992481203007519,0.8792801799550113,0.9130986484148195,0.9090862877500965
2025_okc_ind_api_20261005,1629026,Kenrich Williams,OKC,7,95,0.7150306748466257,2->3,False,0.9375,1.0,-0.22246932515337425,0.7980504873781554,0.8618945263684078,0.8393289608632325
2026_cle_nyk_api_20261005,1642359,Pacôme Dadiet,NYK,2,15,0.36516853932584276,2->4,True,0.7142857142857143,1.0,-0.34911717495987155,0.9667583104223944,0.9667583104223942,0.9799677152535071
2026_lal_okc_api_20261005,1629026,Kenrich Williams,OKC,3,11,0.39333706606942886,2->3,False,0.75,1.0,-0.35666293393057114,0.9917520619845038,0.9917520619845038,0.9917520619845038
