game_id,game_number,game_date,source_order,action_number,action_id,period,clock,remaining_seconds,elapsed_seconds,team,person_id,recorded_player,event_type,subtype,description
0042500233,3,2026-05-08,16,25,17,1,PT10M13.00S,613.0,107.0,SAS,1641705,Victor Wembanyama,Foul,Shooting,Wembanyama S.FOUL (P1.T1) (T.Ford)
0042500233,3,2026-05-08,22,32,23,1,PT09M48.00S,588.0,132.0,SAS,1630577,Julian Champagnie,Foul,Personal,Champagnie P.FOUL (P1.T2) (T.Ford)
0042500233,3,2026-05-08,30,42,31,1,PT09M15.00S,555.0,165.0,MIN,1630183,Jaden McDaniels,Foul,Shooting,McDaniels S.FOUL (P1.T1) (T.Ford)
0042500233,3,2026-05-08,46,61,47,1,PT07M47.00S,467.0,253.0,MIN,201144,Mike Conley,Substitution,,SUB: Reid FOR Conley
0042500233,3,2026-05-08,47,62,48,1,PT07M47.00S,467.0,253.0,MIN,203497,Rudy Gobert,Substitution,,SUB: Dosunmu FOR Gobert
0042500233,3,2026-05-08,48,65,49,1,PT07M40.00S,460.0,260.0,SAS,1628368,De'Aaron Fox,Foul,Personal,Fox P.FOUL (P1.T3) (T.Ford)
0042500233,3,2026-05-08,49,67,50,1,PT07M37.00S,457.0,263.0,SAS,1630170,Devin Vassell,Foul,Personal,Vassell P.FOUL (P1.T4) (T.Brothers)
0042500233,3,2026-05-08,74,94,75,1,PT05M46.00S,346.0,374.0,SAS,1628368,De'Aaron Fox,Substitution,,SUB: Harper FOR Fox
0042500233,3,2026-05-08,75,95,76,1,PT05M46.00S,346.0,374.0,SAS,1630577,Julian Champagnie,Substitution,,SUB: Johnson FOR Champagnie
0042500233,3,2026-05-08,76,98,77,1,PT05M33.00S,333.0,387.0,MIN,203944,Julius Randle,Foul,Personal,Randle P.FOUL (P1.T2) (T.Ford)
0042500233,3,2026-05-08,77,100,78,1,PT05M33.00S,333.0,387.0,MIN,203944,Julius Randle,Substitution,,SUB: Gobert FOR Randle
0042500233,3,2026-05-08,78,101,79,1,PT05M33.00S,333.0,387.0,SAS,1641705,Victor Wembanyama,Substitution,,SUB: Kornet FOR Wembanyama
0042500233,3,2026-05-08,89,115,90,1,PT04M42.00S,282.0,438.0,MIN,1629675,Naz Reid,Foul,Loose Ball,Reid L.B.FOUL (P1.T3) (J.Goble)
0042500233,3,2026-05-08,90,117,91,1,PT04M42.00S,282.0,438.0,MIN,1630162,Anthony Edwards,Substitution,,SUB: Shannon Jr. FOR Edwards
0042500233,3,2026-05-08,94,123,95,1,PT04M17.00S,257.0,463.0,MIN,1629675,Naz Reid,Foul,Shooting,Reid S.FOUL (P2.T4) (T.Brothers)
0042500233,3,2026-05-08,102,133,103,1,PT03M45.00S,225.0,495.0,SAS,1642264,Stephon Castle,Substitution,,SUB: Fox FOR Castle
0042500233,3,2026-05-08,106,138,107,1,PT03M21.00S,201.0,519.0,MIN,1630183,Jaden McDaniels,Substitution,,SUB: Edwards FOR McDaniels
0042500233,3,2026-05-08,120,155,121,1,PT01M12.00S,72.0,648.0,SAS,1642844,Dylan Harper,Foul,Shooting,Harper S.FOUL (P1.PN) (J.Goble)
0042500233,3,2026-05-08,122,158,123,1,PT01M12.00S,72.0,648.0,MIN,1629675,Naz Reid,Substitution,,SUB: Randle FOR Reid
0042500233,3,2026-05-08,123,159,124,1,PT01M12.00S,72.0,648.0,SAS,1642844,Dylan Harper,Substitution,,SUB: Wembanyama FOR Harper
0042500233,3,2026-05-08,124,160,125,1,PT01M12.00S,72.0,648.0,SAS,1628436,Luke Kornet,Substitution,,SUB: Castle FOR Kornet
0042500233,3,2026-05-08,125,161,126,1,PT01M12.00S,72.0,648.0,SAS,1630170,Devin Vassell,Substitution,,SUB: Champagnie FOR Vassell
0042500233,3,2026-05-08,127,167,128,1,PT01M06.00S,66.0,654.0,MIN,1630245,Ayo Dosunmu,Foul,Personal,Dosunmu P.FOUL (P1.PN) (T.Ford)
0042500233,3,2026-05-08,158,211,159,2,PT09M24.00S,564.0,876.0,SAS,1628368,De'Aaron Fox,Foul,Shooting,Fox S.FOUL (P2.T1) (J.Goble)
0042500233,3,2026-05-08,160,214,161,2,PT09M24.00S,564.0,876.0,MIN,1630545,Terrence Shannon Jr.,Substitution,,SUB: Dosunmu FOR Shannon Jr.
0042500233,3,2026-05-08,161,215,162,2,PT09M24.00S,564.0,876.0,SAS,1630577,Julian Champagnie,Substitution,,SUB: Bryant FOR Champagnie
0042500233,3,2026-05-08,167,223,168,2,PT08M47.00S,527.0,913.0,MIN,203944,Julius Randle,Foul,Shooting,Randle S.FOUL (P2.T1) (T.Brothers)
0042500233,3,2026-05-08,186,245,187,2,PT07M16.00S,436.0,1004.0,MIN,1630162,Anthony Edwards,Foul,Shooting,Edwards S.FOUL (P1.T2) (J.Goble)
0042500233,3,2026-05-08,187,249,188,2,PT07M16.00S,436.0,1004.0,MIN,1630162,Anthony Edwards,Substitution,,SUB: Shannon Jr. FOR Edwards
0042500233,3,2026-05-08,188,250,189,2,PT07M16.00S,436.0,1004.0,SAS,1628368,De'Aaron Fox,Substitution,,SUB: Harper FOR Fox
0042500233,3,2026-05-08,194,259,195,2,PT06M52.00S,412.0,1028.0,SAS,1642844,Dylan Harper,Foul,Loose Ball,Harper L.B.FOUL (P2.T2) (T.Ford)
0042500233,3,2026-05-08,196,262,197,2,PT06M52.00S,412.0,1028.0,SAS,1642264,Stephon Castle,Substitution,,SUB: Vassell FOR Castle
0042500233,3,2026-05-08,197,264,198,2,PT06M41.00S,401.0,1039.0,SAS,1642868,Carter Bryant,Foul,Shooting,Bryant S.FOUL (P1.T3) (T.Brothers)
0042500233,3,2026-05-08,203,272,204,2,PT05M50.00S,350.0,1090.0,SAS,1630170,Devin Vassell,Foul,Loose Ball,Vassell L.B.FOUL (P2.T4) (T.Ford)
0042500233,3,2026-05-08,204,274,205,2,PT05M50.00S,350.0,1090.0,MIN,1629675,Naz Reid,Substitution,,SUB: Gobert FOR Reid
0042500233,3,2026-05-08,205,275,206,2,PT05M50.00S,350.0,1090.0,SAS,1641705,Victor Wembanyama,Substitution,,SUB: Kornet FOR Wembanyama
0042500233,3,2026-05-08,206,276,207,2,PT05M50.00S,350.0,1090.0,SAS,203084,Harrison Barnes,Substitution,,SUB: Fox FOR Barnes
0042500233,3,2026-05-08,207,280,208,2,PT05M47.00S,347.0,1093.0,SAS,1642868,Carter Bryant,Foul,Personal,Bryant P.FOUL (P2.PN) (J.Goble)
0042500233,3,2026-05-08,216,290,217,2,PT05M07.00S,307.0,1133.0,SAS,1628368,De'Aaron Fox,Foul,Offensive Charge,Fox Offensive Charge Foul (P3) (T.Ford)
0042500233,3,2026-05-08,218,293,219,2,PT05M07.00S,307.0,1133.0,MIN,1630245,Ayo Dosunmu,Substitution,,SUB: Edwards FOR Dosunmu
0042500233,3,2026-05-08,219,294,220,2,PT05M07.00S,307.0,1133.0,SAS,1642868,Carter Bryant,Substitution,,SUB: Johnson FOR Bryant
0042500233,3,2026-05-08,220,295,221,2,PT05M07.00S,307.0,1133.0,SAS,1628368,De'Aaron Fox,Substitution,,SUB: Castle FOR Fox
0042500233,3,2026-05-08,223,301,224,2,PT04M56.00S,296.0,1144.0,MIN,1630162,Anthony Edwards,Foul,Shooting,Edwards S.FOUL (P2.T3) (J.Goble)
0042500233,3,2026-05-08,230,308,231,2,PT04M41.00S,281.0,1159.0,MIN,1630183,Jaden McDaniels,Foul,Shooting,McDaniels S.FOUL (P2.T4) (T.Brothers)
0042500233,3,2026-05-08,237,317,238,2,PT03M59.00S,239.0,1201.0,SAS,1628436,Luke Kornet,Foul,Shooting,Kornet S.FOUL (P1.PN) (T.Brothers)
0042500233,3,2026-05-08,239,366,240,2,PT03M59.00S,239.0,1201.0,MIN,203944,Julius Randle,Substitution,,SUB: Reid FOR Randle
0042500233,3,2026-05-08,243,326,244,2,PT03M43.00S,223.0,1217.0,SAS,1628436,Luke Kornet,Foul,Shooting,Kornet S.FOUL (P2.PN) (J.Goble)
0042500233,3,2026-05-08,259,344,260,2,PT02M39.00S,159.0,1281.0,SAS,1642264,Stephon Castle,Foul,Offensive Charge,Castle Offensive Charge Foul (P1) (J.Goble)
0042500233,3,2026-05-08,263,351,264,2,PT02M39.00S,159.0,1281.0,SAS,1642844,Dylan Harper,Substitution,,SUB: Wembanyama FOR Harper
0042500233,3,2026-05-08,264,352,265,2,PT02M39.00S,159.0,1281.0,SAS,1628436,Luke Kornet,Substitution,,SUB: Fox FOR Kornet
0042500233,3,2026-05-08,266,357,267,2,PT02M00.00S,120.0,1320.0,MIN,203497,Rudy Gobert,Foul,Shooting,Gobert S.FOUL (P1.PN) (T.Brothers)
0042500233,3,2026-05-08,268,395,269,2,PT02M00.00S,120.0,1320.0,MIN,203497,Rudy Gobert,Substitution,,SUB: Randle FOR Gobert
0042500233,3,2026-05-08,269,396,270,2,PT02M00.00S,120.0,1320.0,SAS,1629640,Keldon Johnson,Substitution,,SUB: Champagnie FOR Johnson
0042500233,3,2026-05-08,278,374,279,2,PT01M05.00S,65.0,1375.0,MIN,1629675,Naz Reid,Foul,Shooting,Reid S.FOUL (P3.PN) (J.Goble)
0042500233,3,2026-05-08,280,377,281,2,PT01M05.00S,65.0,1375.0,MIN,1629675,Naz Reid,Substitution,,SUB: Dosunmu FOR Reid
0042500233,3,2026-05-08,294,404,295,3,PT11M31.00S,691.0,1469.0,MIN,203944,Julius Randle,Foul,Shooting,Randle S.FOUL (P3.T1) (T.Ford)
0042500233,3,2026-05-08,317,432,318,3,PT09M16.00S,556.0,1604.0,SAS,1641705,Victor Wembanyama,Foul,Loose Ball,Wembanyama L.B.FOUL (P2.T1) (J.Goble)
0042500233,3,2026-05-08,318,434,319,3,PT09M07.00S,547.0,1613.0,SAS,1630577,Julian Champagnie,Foul,Personal,Champagnie P.FOUL (P2.T2) (T.Brothers)
0042500233,3,2026-05-08,324,441,325,3,PT08M27.00S,507.0,1653.0,MIN,203944,Julius Randle,Foul,Offensive,Randle OFF.Foul (P4) (J.Goble)
0042500233,3,2026-05-08,326,444,327,3,PT08M27.00S,507.0,1653.0,MIN,203944,Julius Randle,Substitution,,SUB: Reid FOR Randle
0042500233,3,2026-05-08,332,454,333,3,PT07M18.00S,438.0,1722.0,MIN,1630183,Jaden McDaniels,Foul,Shooting,McDaniels S.FOUL (P3.T2) (T.Brothers)
0042500233,3,2026-05-08,345,473,346,3,PT05M59.00S,359.0,1801.0,MIN,1630245,Ayo Dosunmu,Substitution,,SUB: Shannon Jr. FOR Dosunmu
0042500233,3,2026-05-08,346,474,347,3,PT05M59.00S,359.0,1801.0,SAS,1641705,Victor Wembanyama,Substitution,,SUB: Johnson FOR Wembanyama
0042500233,3,2026-05-08,347,475,348,3,PT05M59.00S,359.0,1801.0,SAS,1628368,De'Aaron Fox,Substitution,,SUB: Kornet FOR Fox
0042500233,3,2026-05-08,348,476,349,3,PT05M59.00S,359.0,1801.0,SAS,1630577,Julian Champagnie,Substitution,,SUB: Harper FOR Champagnie
0042500233,3,2026-05-08,351,483,352,3,PT05M21.00S,321.0,1839.0,MIN,203497,Rudy Gobert,Foul,Personal,Gobert P.FOUL (P2.T3) (J.Goble)
0042500233,3,2026-05-08,359,493,360,3,PT04M18.00S,258.0,1902.0,SAS,1642264,Stephon Castle,Foul,Double Technical,"Double Technical - Castle, McDaniels (T.Ford)"
0042500233,3,2026-05-08,360,495,361,3,PT04M18.00S,258.0,1902.0,MIN,1630183,Jaden McDaniels,Substitution,,SUB: Dosunmu FOR McDaniels
0042500233,3,2026-05-08,361,496,362,3,PT04M18.00S,258.0,1902.0,SAS,1628436,Luke Kornet,Substitution,,SUB: Wembanyama FOR Kornet
0042500233,3,2026-05-08,362,499,363,3,PT04M12.00S,252.0,1908.0,MIN,1630545,Terrence Shannon Jr.,Foul,Shooting,Shannon Jr. S.FOUL (P1.T4) (J.Goble)
0042500233,3,2026-05-08,367,505,368,3,PT03M47.00S,227.0,1933.0,MIN,1630245,Ayo Dosunmu,Foul,Shooting,Dosunmu S.FOUL (P2.PN) (T.Ford)
0042500233,3,2026-05-08,378,518,379,3,PT02M36.00S,156.0,2004.0,SAS,1642264,Stephon Castle,Foul,Offensive,Castle OFF.Foul (P2) (T.Brothers)
0042500233,3,2026-05-08,380,521,381,3,PT02M36.00S,156.0,2004.0,SAS,1642264,Stephon Castle,Substitution,,SUB: Fox FOR Castle
0042500233,3,2026-05-08,381,522,382,3,PT02M36.00S,156.0,2004.0,SAS,1630170,Devin Vassell,Substitution,,SUB: Champagnie FOR Vassell
0042500233,3,2026-05-08,388,533,389,3,PT01M17.00S,77.0,2083.0,SAS,1641705,Victor Wembanyama,Foul,Loose Ball,Wembanyama L.B.FOUL (P3.T3) (T.Ford)
0042500233,3,2026-05-08,392,538,393,3,PT01M05.00S,65.0,2095.0,MIN,1630545,Terrence Shannon Jr.,Foul,Shooting,Shannon Jr. S.FOUL (P2.PN) (J.Goble)
0042500233,3,2026-05-08,394,542,395,3,PT01M05.00S,65.0,2095.0,SAS,1642844,Dylan Harper,Substitution,,SUB: Vassell FOR Harper
0042500233,3,2026-05-08,401,552,402,3,PT00M31.40S,31.4,2128.6,SAS,1641705,Victor Wembanyama,Foul,Personal,Wembanyama P.FOUL (P4.PN) (T.Ford)
0042500233,3,2026-05-08,403,555,404,3,PT00M31.40S,31.4,2128.6,SAS,1641705,Victor Wembanyama,Substitution,,SUB: Castle FOR Wembanyama
0042500233,3,2026-05-08,415,576,416,4,PT11M16.00S,676.0,2204.0,MIN,1630245,Ayo Dosunmu,Foul,Shooting,Dosunmu S.FOUL (P3.T1) (T.Brothers)
0042500233,3,2026-05-08,420,582,421,4,PT10M47.00S,647.0,2233.0,SAS,1629640,Keldon Johnson,Foul,Shooting,Johnson S.FOUL (P1.T1) (T.Brothers)
0042500233,3,2026-05-08,428,591,429,4,PT10M30.00S,630.0,2250.0,MIN,1630183,Jaden McDaniels,Foul,Personal,McDaniels P.FOUL (P4.T2) (T.Ford)
0042500233,3,2026-05-08,443,613,444,4,PT08M38.00S,518.0,2362.0,SAS,1642868,Carter Bryant,Substitution,,SUB: Champagnie FOR Bryant
0042500233,3,2026-05-08,451,624,452,4,PT08M03.00S,483.0,2397.0,MIN,1629675,Naz Reid,Substitution,,SUB: Edwards FOR Reid
0042500233,3,2026-05-08,452,625,453,4,PT08M03.00S,483.0,2397.0,MIN,1630245,Ayo Dosunmu,Substitution,,SUB: Gobert FOR Dosunmu
0042500233,3,2026-05-08,453,626,454,4,PT08M03.00S,483.0,2397.0,SAS,1629640,Keldon Johnson,Substitution,,SUB: Harper FOR Johnson
0042500233,3,2026-05-08,454,627,455,4,PT08M03.00S,483.0,2397.0,SAS,1642264,Stephon Castle,Substitution,,SUB: Kornet FOR Castle
0042500233,3,2026-05-08,455,628,456,4,PT08M03.00S,483.0,2397.0,SAS,1641705,Victor Wembanyama,Substitution,,SUB: Vassell FOR Wembanyama
0042500233,3,2026-05-08,456,634,457,4,PT07M52.00S,472.0,2408.0,MIN,1630162,Anthony Edwards,Foul,Personal,Edwards P.FOUL (P3.T3) (T.Ford)
0042500233,3,2026-05-08,468,648,469,4,PT06M45.00S,405.0,2475.0,SAS,1628436,Luke Kornet,Foul,Shooting,Kornet S.FOUL (P3.T2) (T.Ford)
0042500233,3,2026-05-08,469,650,470,4,PT06M45.00S,405.0,2475.0,SAS,1628436,Luke Kornet,Substitution,,SUB: Wembanyama FOR Kornet
0042500233,3,2026-05-08,474,656,475,4,PT06M18.00S,378.0,2502.0,SAS,1641705,Victor Wembanyama,Foul,Shooting,Wembanyama S.FOUL (P5.T3) (T.Brothers)
0042500233,3,2026-05-08,476,659,477,4,PT06M18.00S,378.0,2502.0,SAS,1628368,De'Aaron Fox,Substitution,,SUB: Castle FOR Fox
0042500233,3,2026-05-08,488,675,489,4,PT04M38.00S,278.0,2602.0,MIN,1630162,Anthony Edwards,Foul,Personal,Edwards P.FOUL (P4.T4) (T.Brothers)
0042500233,3,2026-05-08,489,677,490,4,PT04M38.00S,278.0,2602.0,MIN,1630545,Terrence Shannon Jr.,Substitution,,SUB: Dosunmu FOR Shannon Jr.
0042500233,3,2026-05-08,494,684,495,4,PT03M55.00S,235.0,2645.0,MIN,203944,Julius Randle,Substitution,,SUB: Reid FOR Randle
0042500233,3,2026-05-08,503,698,504,4,PT02M26.00S,146.0,2734.0,MIN,203497,Rudy Gobert,Substitution,,SUB: Randle FOR Gobert
0042500233,3,2026-05-08,504,699,505,4,PT02M26.00S,146.0,2734.0,SAS,1642844,Dylan Harper,Substitution,,SUB: Fox FOR Harper
0042500233,3,2026-05-08,510,708,511,4,PT01M22.00S,82.0,2798.0,MIN,203944,Julius Randle,Foul,Shooting,Randle S.FOUL (P5.PN) (T.Brothers)
0042500233,3,2026-05-08,522,722,523,4,PT00M31.80S,31.8,2848.2,MIN,203944,Julius Randle,Substitution,,SUB: Shannon Jr. FOR Randle
0042500233,3,2026-05-08,523,724,524,4,PT00M29.80S,29.8,2850.2,MIN,1630162,Anthony Edwards,Foul,Personal,Edwards P.FOUL (P5.PN) (T.Ford)
0042500233,3,2026-05-08,526,728,527,4,PT00M26.40S,26.4,2853.6,SAS,1642264,Stephon Castle,Foul,Personal Take,Castle Personal Take Foul (P3.T4) (J.Goble)
0042500233,3,2026-05-08,530,734,531,4,PT00M21.60S,21.6,2858.4,SAS,1630577,Julian Champagnie,Substitution,,SUB: Harper FOR Champagnie
0042500233,3,2026-05-08,531,736,532,4,PT00M16.80S,16.8,2863.2,MIN,1629675,Naz Reid,Foul,Personal Take,Reid Personal Take Foul (P4.PN) (T.Brothers)
