game_id,game_number,game_date,team,player_id,player,played,starter,comment,minutes_seconds,game_seconds,points,fgm,fga,three_pm,ftm,fta,turnovers,personal_fouls,plus_minus
0042500221,1,2026-05-05,OKC,1629652,Luguentz Dort,True,True,,1675.0,2880.0,6.0,2.0,5.0,2.0,0.0,0.0,2.0,1.0,2.0
0042500221,1,2026-05-05,OKC,1631096,Chet Holmgren,True,True,,1849.0,2880.0,24.0,9.0,17.0,2.0,4.0,4.0,0.0,0.0,10.0
0042500221,1,2026-05-05,OKC,1628392,Isaiah Hartenstein,True,True,,1489.0,2880.0,8.0,3.0,3.0,0.0,2.0,2.0,0.0,2.0,5.0
0042500221,1,2026-05-05,OKC,1642349,Ajay Mitchell,True,True,,1676.0,2880.0,18.0,7.0,16.0,1.0,3.0,3.0,1.0,1.0,14.0
0042500221,1,2026-05-05,OKC,1628983,Shai Gilgeous-Alexander,True,True,,2116.0,2880.0,18.0,8.0,15.0,0.0,2.0,3.0,7.0,1.0,9.0
0042500221,1,2026-05-05,OKC,1631119,Jaylin Williams,True,False,,1227.0,2880.0,3.0,1.0,3.0,1.0,0.0,0.0,2.0,3.0,11.0
0042500221,1,2026-05-05,OKC,1641717,Cason Wallace,True,False,,1165.0,2880.0,5.0,2.0,6.0,1.0,0.0,0.0,2.0,2.0,11.0
0042500221,1,2026-05-05,OKC,1627936,Alex Caruso,True,False,,1226.0,2880.0,5.0,2.0,5.0,1.0,0.0,0.0,0.0,1.0,15.0
0042500221,1,2026-05-05,OKC,1630198,Isaiah Joe,True,False,,680.0,2880.0,9.0,4.0,6.0,1.0,0.0,0.0,0.0,0.0,11.0
0042500221,1,2026-05-05,OKC,1642272,Jared McCain,True,False,,897.0,2880.0,12.0,4.0,7.0,4.0,0.0,0.0,0.0,3.0,4.0
0042500221,1,2026-05-05,OKC,1630598,Aaron Wiggins,True,False,,296.0,2880.0,0.0,0.0,2.0,0.0,0.0,0.0,0.0,0.0,-2.0
0042500221,1,2026-05-05,OKC,1629026,Kenrich Williams,True,False,,105.0,2880.0,0.0,0.0,0.0,0.0,0.0,0.0,0.0,0.0,0.0
0042500221,1,2026-05-05,OKC,1642260,Nikola Topić,False,,DNP - Coach's Decision,,2880.0,,,,,,,,,
0042500221,1,2026-05-05,LAL,2544,LeBron James,True,True,,2178.0,2880.0,27.0,12.0,17.0,3.0,0.0,1.0,2.0,1.0,-6.0
0042500221,1,2026-05-05,LAL,1629060,Rui Hachimura,True,True,,2211.0,2880.0,18.0,7.0,13.0,3.0,1.0,2.0,1.0,1.0,-21.0
0042500221,1,2026-05-05,LAL,1629028,Deandre Ayton,True,True,,1646.0,2880.0,10.0,5.0,12.0,0.0,0.0,0.0,1.0,4.0,-4.0
0042500221,1,2026-05-05,LAL,1630559,Austin Reaves,True,True,,2155.0,2880.0,8.0,3.0,16.0,0.0,2.0,2.0,4.0,3.0,-10.0
0042500221,1,2026-05-05,LAL,203935,Marcus Smart,True,True,,1918.0,2880.0,12.0,4.0,15.0,2.0,2.0,2.0,2.0,3.0,-10.0
0042500221,1,2026-05-05,LAL,1628379,Luke Kennard,True,False,,1716.0,2880.0,7.0,1.0,4.0,1.0,4.0,4.0,2.0,1.0,-14.0
0042500221,1,2026-05-05,LAL,1629637,Jaxson Hayes,True,False,,968.0,2880.0,3.0,1.0,3.0,0.0,1.0,2.0,3.0,2.0,-12.0
0042500221,1,2026-05-05,LAL,1631222,Jake LaRavia,True,False,,819.0,2880.0,3.0,1.0,2.0,1.0,0.0,0.0,2.0,0.0,-9.0
0042500221,1,2026-05-05,LAL,1629020,Jarred Vanderbilt,True,False,,369.0,2880.0,2.0,1.0,2.0,0.0,0.0,0.0,0.0,1.0,-4.0
0042500221,1,2026-05-05,LAL,1642355,Bronny James,True,False,,105.0,2880.0,0.0,0.0,0.0,0.0,0.0,0.0,0.0,0.0,0.0
0042500221,1,2026-05-05,LAL,1641733,Nick Smith Jr.,True,False,,105.0,2880.0,0.0,0.0,0.0,0.0,0.0,0.0,0.0,0.0,0.0
0042500221,1,2026-05-05,LAL,1642876,Adou Thiero,True,False,,105.0,2880.0,0.0,0.0,0.0,0.0,0.0,0.0,0.0,0.0,0.0
0042500221,1,2026-05-05,LAL,1642261,Dalton Knecht,True,False,,105.0,2880.0,0.0,0.0,1.0,0.0,0.0,0.0,0.0,0.0,0.0
0042500221,1,2026-05-05,LAL,1628467,Maxi Kleber,False,,DNP - Coach's Decision,,2880.0,,,,,,,,,
0042500222,2,2026-05-07,OKC,1629652,Luguentz Dort,True,True,,1369.0,2880.0,3.0,1.0,6.0,1.0,0.0,0.0,2.0,2.0,-1.0
0042500222,2,2026-05-07,OKC,1631096,Chet Holmgren,True,True,,1951.0,2880.0,22.0,7.0,11.0,3.0,5.0,7.0,2.0,3.0,19.0
0042500222,2,2026-05-07,OKC,1628392,Isaiah Hartenstein,True,True,,1607.0,2880.0,10.0,5.0,6.0,0.0,0.0,0.0,1.0,2.0,1.0
0042500222,2,2026-05-07,OKC,1642349,Ajay Mitchell,True,True,,1812.0,2880.0,20.0,7.0,12.0,0.0,6.0,7.0,2.0,2.0,18.0
0042500222,2,2026-05-07,OKC,1628983,Shai Gilgeous-Alexander,True,True,,1672.0,2880.0,22.0,7.0,13.0,1.0,7.0,9.0,3.0,4.0,5.0
0042500222,2,2026-05-07,OKC,1641717,Cason Wallace,True,False,,1852.0,2880.0,12.0,4.0,7.0,2.0,2.0,2.0,0.0,3.0,17.0
0042500222,2,2026-05-07,OKC,1631119,Jaylin Williams,True,False,,870.0,2880.0,7.0,2.0,4.0,2.0,1.0,1.0,0.0,2.0,12.0
0042500222,2,2026-05-07,OKC,1630198,Isaiah Joe,True,False,,513.0,2880.0,4.0,2.0,3.0,0.0,0.0,0.0,0.0,0.0,-1.0
0042500222,2,2026-05-07,OKC,1627936,Alex Caruso,True,False,,1347.0,2880.0,5.0,2.0,6.0,1.0,0.0,0.0,1.0,0.0,17.0
0042500222,2,2026-05-07,OKC,1642272,Jared McCain,True,False,,1064.0,2880.0,18.0,7.0,11.0,4.0,0.0,0.0,1.0,3.0,1.0
0042500222,2,2026-05-07,OKC,1630598,Aaron Wiggins,True,False,,134.0,2880.0,0.0,0.0,0.0,0.0,0.0,0.0,0.0,0.0,1.0
0042500222,2,2026-05-07,OKC,1629026,Kenrich Williams,True,False,,134.0,2880.0,0.0,0.0,1.0,0.0,0.0,0.0,0.0,0.0,1.0
0042500222,2,2026-05-07,OKC,1642260,Nikola Topić,True,False,,77.0,2880.0,2.0,1.0,1.0,0.0,0.0,0.0,0.0,0.0,0.0
0042500222,2,2026-05-07,LAL,2544,LeBron James,True,True,,2267.0,2880.0,23.0,9.0,18.0,1.0,4.0,4.0,3.0,1.0,-9.0
0042500222,2,2026-05-07,LAL,1629060,Rui Hachimura,True,True,,2326.0,2880.0,16.0,6.0,10.0,4.0,0.0,0.0,2.0,2.0,-19.0
0042500222,2,2026-05-07,LAL,1629028,Deandre Ayton,True,True,,1593.0,2880.0,3.0,1.0,7.0,0.0,1.0,2.0,2.0,3.0,-4.0
0042500222,2,2026-05-07,LAL,1630559,Austin Reaves,True,True,,2302.0,2880.0,31.0,10.0,16.0,3.0,8.0,10.0,5.0,5.0,-20.0
0042500222,2,2026-05-07,LAL,203935,Marcus Smart,True,True,,2053.0,2880.0,14.0,4.0,13.0,1.0,5.0,5.0,3.0,5.0,2.0
0042500222,2,2026-05-07,LAL,1631222,Jake LaRavia,True,False,,601.0,2880.0,0.0,0.0,2.0,0.0,0.0,0.0,1.0,2.0,-14.0
0042500222,2,2026-05-07,LAL,1629637,Jaxson Hayes,True,False,,923.0,2880.0,6.0,3.0,3.0,0.0,0.0,0.0,2.0,5.0,-11.0
0042500222,2,2026-05-07,LAL,1628379,Luke Kennard,True,False,,1562.0,2880.0,10.0,4.0,5.0,2.0,0.0,0.0,0.0,2.0,-15.0
0042500222,2,2026-05-07,LAL,1642876,Adou Thiero,True,False,,372.0,2880.0,0.0,0.0,0.0,0.0,0.0,0.0,1.0,1.0,3.0
0042500222,2,2026-05-07,LAL,1642355,Bronny James,True,False,,134.0,2880.0,0.0,0.0,0.0,0.0,0.0,0.0,0.0,0.0,-1.0
0042500222,2,2026-05-07,LAL,1642261,Dalton Knecht,True,False,,134.0,2880.0,2.0,1.0,1.0,0.0,0.0,0.0,1.0,0.0,-1.0
0042500222,2,2026-05-07,LAL,1641733,Nick Smith Jr.,True,False,,134.0,2880.0,2.0,1.0,3.0,0.0,0.0,0.0,0.0,0.0,-1.0
0042500222,2,2026-05-07,LAL,1628467,Maxi Kleber,False,,DNP - Coach's Decision,,2880.0,,,,,,,,,
0042500223,3,2026-05-09,LAL,2544,LeBron James,True,True,,2211.0,2880.0,19.0,7.0,19.0,2.0,3.0,4.0,3.0,1.0,-25.0
0042500223,3,2026-05-09,LAL,1629060,Rui Hachimura,True,True,,2322.0,2880.0,21.0,7.0,14.0,5.0,2.0,2.0,1.0,1.0,-25.0
0042500223,3,2026-05-09,LAL,1629028,Deandre Ayton,True,True,,1412.0,2880.0,10.0,5.0,9.0,0.0,0.0,0.0,0.0,3.0,-8.0
0042500223,3,2026-05-09,LAL,1630559,Austin Reaves,True,True,,2341.0,2880.0,17.0,5.0,13.0,1.0,6.0,8.0,5.0,2.0,-24.0
0042500223,3,2026-05-09,LAL,203935,Marcus Smart,True,True,,1949.0,2880.0,10.0,3.0,7.0,1.0,3.0,4.0,2.0,4.0,-23.0
0042500223,3,2026-05-09,LAL,1628379,Luke Kennard,True,False,,1758.0,2880.0,18.0,7.0,10.0,4.0,0.0,0.0,0.0,1.0,-9.0
0042500223,3,2026-05-09,LAL,1629637,Jaxson Hayes,True,False,,510.0,2880.0,1.0,0.0,0.0,0.0,1.0,2.0,0.0,2.0,-5.0
0042500223,3,2026-05-09,LAL,1642876,Adou Thiero,True,False,,792.0,2880.0,4.0,1.0,3.0,0.0,2.0,3.0,2.0,1.0,1.0
0042500223,3,2026-05-09,LAL,1628467,Maxi Kleber,True,False,,451.0,2880.0,0.0,0.0,1.0,0.0,0.0,0.0,2.0,1.0,0.0
0042500223,3,2026-05-09,LAL,1642261,Dalton Knecht,True,False,,218.0,2880.0,0.0,0.0,2.0,0.0,0.0,0.0,0.0,0.0,1.0
0042500223,3,2026-05-09,LAL,1642355,Bronny James,True,False,,218.0,2880.0,2.0,1.0,1.0,0.0,0.0,0.0,1.0,0.0,1.0
0042500223,3,2026-05-09,LAL,1641733,Nick Smith Jr.,True,False,,218.0,2880.0,6.0,2.0,2.0,1.0,1.0,2.0,0.0,0.0,1.0
0042500223,3,2026-05-09,LAL,1631222,Jake LaRavia,False,,DNP - Coach's Decision,,2880.0,,,,,,,,,
0042500223,3,2026-05-09,LAL,1629020,Jarred Vanderbilt,False,,DNP - Coach's Decision,,2880.0,,,,,,,,,
0042500223,3,2026-05-09,OKC,1629652,Luguentz Dort,True,True,,1205.0,2880.0,10.0,4.0,5.0,2.0,0.0,0.0,0.0,4.0,21.0
0042500223,3,2026-05-09,OKC,1631096,Chet Holmgren,True,True,,1876.0,2880.0,18.0,9.0,14.0,0.0,0.0,0.0,1.0,1.0,18.0
0042500223,3,2026-05-09,OKC,1628392,Isaiah Hartenstein,True,True,,1848.0,2880.0,12.0,6.0,7.0,0.0,0.0,0.0,4.0,1.0,26.0
0042500223,3,2026-05-09,OKC,1642349,Ajay Mitchell,True,True,,1789.0,2880.0,24.0,10.0,17.0,2.0,2.0,3.0,0.0,3.0,14.0
0042500223,3,2026-05-09,OKC,1628983,Shai Gilgeous-Alexander,True,True,,2005.0,2880.0,23.0,7.0,20.0,3.0,6.0,7.0,2.0,1.0,24.0
0042500223,3,2026-05-09,OKC,1631119,Jaylin Williams,True,False,,753.0,2880.0,3.0,1.0,2.0,1.0,0.0,0.0,0.0,2.0,0.0
0042500223,3,2026-05-09,OKC,1641717,Cason Wallace,True,False,,1484.0,2880.0,16.0,6.0,10.0,4.0,0.0,0.0,1.0,3.0,13.0
0042500223,3,2026-05-09,OKC,1630198,Isaiah Joe,True,False,,1090.0,2880.0,12.0,4.0,7.0,4.0,0.0,0.0,0.0,3.0,-2.0
0042500223,3,2026-05-09,OKC,1627936,Alex Caruso,True,False,,1211.0,2880.0,6.0,3.0,6.0,0.0,0.0,0.0,0.0,3.0,11.0
0042500223,3,2026-05-09,OKC,1642272,Jared McCain,True,False,,578.0,2880.0,3.0,1.0,1.0,1.0,0.0,0.0,0.0,0.0,-6.0
0042500223,3,2026-05-09,OKC,1629026,Kenrich Williams,True,False,,202.0,2880.0,0.0,0.0,2.0,0.0,0.0,0.0,0.0,1.0,-1.0
0042500223,3,2026-05-09,OKC,1630598,Aaron Wiggins,True,False,,202.0,2880.0,4.0,2.0,2.0,0.0,0.0,0.0,0.0,0.0,-1.0
0042500223,3,2026-05-09,OKC,1642260,Nikola Topić,True,False,,158.0,2880.0,0.0,0.0,1.0,0.0,0.0,0.0,1.0,0.0,-2.0
0042500224,4,2026-05-11,LAL,2544,LeBron James,True,True,,2426.0,2880.0,24.0,8.0,18.0,2.0,6.0,8.0,4.0,1.0,-17.0
0042500224,4,2026-05-11,LAL,1629060,Rui Hachimura,True,True,,2591.0,2880.0,25.0,9.0,15.0,4.0,3.0,3.0,0.0,5.0,-2.0
0042500224,4,2026-05-11,LAL,1629028,Deandre Ayton,True,True,,1248.0,2880.0,6.0,3.0,3.0,0.0,0.0,0.0,0.0,2.0,-2.0
0042500224,4,2026-05-11,LAL,1630559,Austin Reaves,True,True,,2579.0,2880.0,27.0,8.0,16.0,3.0,8.0,9.0,8.0,5.0,-6.0
0042500224,4,2026-05-11,LAL,203935,Marcus Smart,True,True,,2137.0,2880.0,5.0,2.0,8.0,0.0,1.0,1.0,6.0,5.0,5.0
0042500224,4,2026-05-11,LAL,1628379,Luke Kennard,True,False,,1460.0,2880.0,5.0,2.0,5.0,1.0,0.0,0.0,0.0,1.0,15.0
0042500224,4,2026-05-11,LAL,1629637,Jaxson Hayes,True,False,,1619.0,2880.0,18.0,6.0,8.0,0.0,6.0,6.0,1.0,2.0,-1.0
0042500224,4,2026-05-11,LAL,1629020,Jarred Vanderbilt,True,False,,165.0,2880.0,0.0,0.0,1.0,0.0,0.0,0.0,0.0,0.0,-12.0
0042500224,4,2026-05-11,LAL,1642876,Adou Thiero,True,False,,169.0,2880.0,0.0,0.0,1.0,0.0,0.0,0.0,0.0,1.0,-5.0
0042500224,4,2026-05-11,LAL,1628467,Maxi Kleber,True,False,,5.0,2880.0,0.0,0.0,0.0,0.0,0.0,0.0,0.0,0.0,0.0
0042500224,4,2026-05-11,LAL,1642355,Bronny James,False,,DNP - Coach's Decision,,2880.0,,,,,,,,,
0042500224,4,2026-05-11,LAL,1642261,Dalton Knecht,False,,DNP - Coach's Decision,,2880.0,,,,,,,,,
0042500224,4,2026-05-11,LAL,1631222,Jake LaRavia,False,,DNP - Coach's Decision,,2880.0,,,,,,,,,
0042500224,4,2026-05-11,LAL,1641733,Nick Smith Jr.,False,,DNP - Coach's Decision,,2880.0,,,,,,,,,
0042500224,4,2026-05-11,OKC,1629652,Luguentz Dort,True,True,,1866.0,2880.0,6.0,2.0,6.0,2.0,0.0,0.0,0.0,3.0,-1.0
0042500224,4,2026-05-11,OKC,1631096,Chet Holmgren,True,True,,2113.0,2880.0,16.0,6.0,9.0,0.0,4.0,4.0,1.0,2.0,1.0
0042500224,4,2026-05-11,OKC,1628392,Isaiah Hartenstein,True,True,,1678.0,2880.0,5.0,2.0,4.0,0.0,1.0,2.0,3.0,5.0,30.0
0042500224,4,2026-05-11,OKC,1642349,Ajay Mitchell,True,True,,1978.0,2880.0,28.0,12.0,19.0,1.0,3.0,3.0,1.0,2.0,17.0
0042500224,4,2026-05-11,OKC,1628983,Shai Gilgeous-Alexander,True,True,,2359.0,2880.0,35.0,11.0,22.0,1.0,12.0,15.0,3.0,1.0,-7.0
0042500224,4,2026-05-11,OKC,1631119,Jaylin Williams,True,False,,523.0,2880.0,0.0,0.0,0.0,0.0,0.0,0.0,0.0,1.0,-13.0
0042500224,4,2026-05-11,OKC,1641717,Cason Wallace,True,False,,1156.0,2880.0,3.0,1.0,2.0,1.0,0.0,0.0,1.0,2.0,-24.0
0042500224,4,2026-05-11,OKC,1627936,Alex Caruso,True,False,,1308.0,2880.0,9.0,3.0,7.0,3.0,0.0,0.0,1.0,5.0,7.0
0042500224,4,2026-05-11,OKC,1630198,Isaiah Joe,True,False,,448.0,2880.0,0.0,0.0,2.0,0.0,0.0,0.0,1.0,3.0,-12.0
0042500224,4,2026-05-11,OKC,1642272,Jared McCain,True,False,,953.0,2880.0,13.0,5.0,10.0,3.0,0.0,0.0,0.0,0.0,27.0
0042500224,4,2026-05-11,OKC,1630598,Aaron Wiggins,True,False,,18.0,2880.0,0.0,0.0,0.0,0.0,0.0,0.0,0.0,0.0,0.0
0042500224,4,2026-05-11,OKC,1642260,Nikola Topić,False,,DNP - Coach's Decision,,2880.0,,,,,,,,,
0042500224,4,2026-05-11,OKC,1629026,Kenrich Williams,False,,DNP - Coach's Decision,,2880.0,,,,,,,,,
